timestamp,emg_ch1,emg_ch2,emg_ch3,emg_ch4,emg_ch5,emg_ch6,emg_ch7,emg_ch8,unity_val0,unity_val1,unity_val2,unity_val3,unity_val4,unity_val5,unity_val6,unity_val7,unity_val8,unity_val9,unity_val10,unity_val11,unity_val12,unity_val13,unity_val14,unity_val15,unity_val16,unity_val17,unity_val18,unity_val19,unity_val20,unity_val21,unity_val22,unity_val23,unity_val24,unity_val25,unity_val26,unity_val27,unity_val28,unity_val29,unity_val30,unity_val31,unity_val32,unity_val33,unity_val34,unity_val35,unity_val36,unity_val37,unity_val38,unity_val39,unity_val40,unity_val41,unity_val42,unity_val43,unity_val44,unity_val45,unity_val46,unity_val47,unity_val48,unity_val49,unity_val50,unity_val51,unity_val52,unity_val53,unity_val54,unity_val55,unity_val56,unity_val57,unity_val58,unity_val59,unity_val60,unity_val61,unity_val62,unity_val63,unity_val64,unity_val65,unity_val66,unity_val67,unity_val68,unity_val69,unity_val70,unity_val71,unity_val72,unity_val73,unity_val74,unity_val75,unity_val76,unity_val77
1769622074.8837864,nan,nan,nan,nan,nan,nan,nan,nan,nan,nan,nan,nan,nan,nan,nan,nan,nan,4.9145,nan,nan,10.477,nan,nan,5.748,nan,nan,nan,nan,nan,nan,nan,nan,6.1866,nan,nan,5.4426,nan,nan,0.9863,nan,nan,nan,nan,nan,nan,nan,nan,10.44,nan,nan,1.4026,nan,nan,4.3649,nan,nan,nan,nan,nan,nan,nan,nan,15.0745,nan,nan,1.7096,nan,nan,10.3895,nan,nan,nan,nan,nan,41.4225,nan,nan,19.6815,nan,nan,nan,nan,nan,nan,nan,nan
1769622074.9728842,nan,nan,nan,nan,nan,nan,nan,nan,nan,nan,nan,nan,nan,nan,nan,nan,nan,5.0053,nan,nan,10.3779,nan,nan,5.7901,nan,nan,nan,nan,nan,nan,nan,nan,6.0534,nan,nan,5.5029,nan,nan,1.0258,nan,nan,nan,nan,nan,nan,nan,nan,10.3484,nan,nan,1.5959,nan,nan,4.4884,nan,nan,nan,nan,nan,nan,nan,nan,15.0963,nan,nan,2.233,nan,nan,10.3712,nan,nan,nan,nan,nan,41.2784,nan,nan,20.2053,nan,nan,nan,nan,nan,nan,nan,nan
1769622075.0658941,nan,nan,nan,nan,nan,nan,nan,nan,nan,nan,nan,nan,nan,nan,nan,nan,nan,5.1357,nan,nan,10.3792,nan,nan,5.8169,nan,nan,nan,nan,nan,nan,nan,nan,6.01,nan,nan,5.6086,nan,nan,1.0249,nan,nan,nan,nan,nan,nan,nan,nan,10.3606,nan,nan,1.7748,nan,nan,4.4092,nan,nan,nan,nan,nan,nan,nan,nan,15.0815,nan,nan,2.0407,nan,nan,10.2787,nan,nan,nan,nan,nan,41.2016,nan,nan,20.9728,nan,nan,nan,nan,nan,nan,nan,nan
1769622075.1770372,nan,nan,nan,nan,nan,nan,nan,nan,nan,nan,nan,nan,nan,nan,nan,nan,nan,5.3309,nan,nan,10.3425,nan,nan,5.8411,nan,nan,nan,nan,nan,nan,nan,nan,5.9217,nan,nan,5.4155,nan,nan,1.014,nan,nan,nan,nan,nan,nan,nan,nan,10.38,nan,nan,1.5692,nan,nan,4.4543,nan,nan,nan,nan,nan,nan,nan,nan,15.1685,nan,nan,2.0174,nan,nan,10.2046,nan,nan,nan,nan,nan,41.3709,nan,nan,21.3953,nan,nan,nan,nan,nan,nan,nan,nan
1769622075.2742882,nan,nan,nan,nan,nan,nan,nan,nan,nan,nan,nan,nan,nan,nan,nan,nan,nan,5.57,nan,nan,10.413,nan,nan,5.8163,nan,nan,nan,nan,nan,nan,nan,nan,6.1336,nan,nan,5.2563,nan,nan,0.8663,nan,nan,nan,nan,nan,nan,nan,nan,10.5242,nan,nan,1.2983,nan,nan,4.4763,nan,nan,nan,nan,nan,nan,nan,nan,15.0843,nan,nan,1.8673,nan,nan,10.2166,nan,nan,nan,nan,nan,41.2957,nan,nan,21.5137,nan,nan,nan,nan,nan,nan,nan,nan
1769622075.3775613,nan,nan,nan,nan,nan,nan,nan,nan,nan,nan,nan,nan,nan,nan,nan,nan,nan,5.9379,nan,nan,10.6328,nan,nan,5.7941,nan,nan,nan,nan,nan,nan,nan,nan,6.1845,nan,nan,5.1113,nan,nan,0.794,nan,nan,nan,nan,nan,nan,nan,nan,10.5421,nan,nan,1.2955,nan,nan,4.3752,nan,nan,nan,nan,nan,nan,nan,nan,15.0024,nan,nan,1.5968,nan,nan,10.2251,nan,nan,nan,nan,nan,41.5723,nan,nan,21.7811,nan,nan,nan,nan,nan,nan,nan,nan
1769622075.4570303,nan,nan,nan,nan,nan,nan,nan,nan,nan,nan,nan,nan,nan,nan,nan,nan,nan,6.179,nan,nan,10.9034,nan,nan,5.86,nan,nan,nan,nan,nan,nan,nan,nan,6.1526,nan,nan,5.0915,nan,nan,0.8435,nan,nan,nan,nan,nan,nan,nan,nan,10.5371,nan,nan,1.2439,nan,nan,4.2267,nan,nan,nan,nan,nan,nan,nan,nan,14.999,nan,nan,1.6813,nan,nan,10.2386,nan,nan,nan,nan,nan,42.0007,nan,nan,21.9569,nan,nan,nan,nan,nan,nan,nan,nan
1769622075.5469282,nan,nan,nan,nan,nan,nan,nan,nan,nan,nan,nan,nan,nan,nan,nan,nan,nan,7.6338,nan,nan,10.9352,nan,nan,5.511,nan,nan,nan,nan,nan,nan,nan,nan,6.1598,nan,nan,4.646,nan,nan,1.1427,nan,nan,nan,nan,nan,nan,nan,nan,10.6088,nan,nan,1.3135,nan,nan,4.1108,nan,nan,nan,nan,nan,nan,nan,nan,15.0149,nan,nan,1.9899,nan,nan,10.2549,nan,nan,nan,nan,nan,41.8744,nan,nan,22.9535,nan,nan,nan,nan,nan,nan,nan,nan
1769622075.6406326,nan,nan,nan,nan,nan,nan,nan,nan,nan,nan,nan,nan,nan,nan,nan,nan,nan,10.2985,nan,nan,11.1369,nan,nan,5.2818,nan,nan,nan,nan,nan,nan,nan,nan,6.676,nan,nan,4.3476,nan,nan,1.4266,nan,nan,nan,nan,nan,nan,nan,nan,10.7037,nan,nan,1.7087,nan,nan,3.9008,nan,nan,nan,nan,nan,nan,nan,nan,15.1826,nan,nan,2.4546,nan,nan,9.7479,nan,nan,nan,nan,nan,41.6599,nan,nan,23.0247,nan,nan,nan,nan,nan,nan,nan,nan
1769622075.748359,nan,nan,nan,nan,nan,nan,nan,nan,nan,nan,nan,nan,nan,nan,nan,nan,nan,17.3284,nan,nan,15.5974,nan,nan,4.5183,nan,nan,nan,nan,nan,nan,nan,nan,7.5481,nan,nan,3.5921,nan,nan,1.3799,nan,nan,nan,nan,nan,nan,nan,nan,10.8912,nan,nan,2.3035,nan,nan,4.2398,nan,nan,nan,nan,nan,nan,nan,nan,15.7419,nan,nan,1.9125,nan,nan,9.5868,nan,nan,nan,nan,nan,41.3454,nan,nan,22.84,nan,nan,nan,nan,nan,nan,nan,nan
1769622075.8436158,nan,nan,nan,nan,nan,nan,nan,nan,nan,nan,nan,nan,nan,nan,nan,nan,nan,19.6284,nan,nan,17.0182,nan,nan,3.9079,nan,nan,nan,nan,nan,nan,nan,nan,9.239,nan,nan,3.4614,nan,nan,1.3588,nan,nan,nan,nan,nan,nan,nan,nan,11.2163,nan,nan,4.9998,nan,nan,5.4453,nan,nan,nan,nan,nan,nan,nan,nan,16.0515,nan,nan,2.9465,nan,nan,10.705,nan,nan,nan,nan,nan,40.6823,nan,nan,21.8406,nan,nan,nan,nan,nan,nan,nan,nan
1769622075.9239402,nan,nan,nan,nan,nan,nan,nan,nan,nan,nan,nan,nan,nan,nan,nan,nan,nan,22.0002,nan,nan,19.4014,nan,nan,3.424,nan,nan,nan,nan,nan,nan,nan,nan,10.9714,nan,nan,3.4912,nan,nan,1.7236,nan,nan,nan,nan,nan,nan,nan,nan,11.7124,nan,nan,6.5082,nan,nan,6.5143,nan,nan,nan,nan,nan,nan,nan,nan,16.6244,nan,nan,4.2611,nan,nan,11.4327,nan,nan,nan,nan,nan,39.8137,nan,nan,21.7503,nan,nan,nan,nan,nan,nan,nan,nan
1769622076.015151,nan,nan,nan,nan,nan,nan,nan,nan,nan,nan,nan,nan,nan,nan,nan,nan,nan,23.2866,nan,nan,21.7173,nan,nan,3.6504,nan,nan,nan,nan,nan,nan,nan,nan,12.177,nan,nan,3.2874,nan,nan,1.7499,nan,nan,nan,nan,nan,nan,nan,nan,11.7681,nan,nan,6.0204,nan,nan,7.357,nan,nan,nan,nan,nan,nan,nan,nan,17.375,nan,nan,5.6605,nan,nan,11.9103,nan,nan,nan,nan,nan,39.2354,nan,nan,20.9651,nan,nan,nan,nan,nan,nan,nan,nan
1769622076.0716717,nan,nan,nan,nan,nan,nan,nan,nan,nan,nan,nan,nan,nan,nan,nan,nan,nan,27.0971,nan,nan,27.2679,nan,nan,4.6442,nan,nan,nan,nan,nan,nan,nan,nan,13.019,nan,nan,3.1033,nan,nan,2.1406,nan,nan,nan,nan,nan,nan,nan,nan,11.9511,nan,nan,5.6375,nan,nan,7.7996,nan,nan,nan,nan,nan,nan,nan,nan,17.7729,nan,nan,6.6317,nan,nan,12.043,nan,nan,nan,nan,nan,38.7447,nan,nan,20.3452,nan,nan,nan,nan,nan,nan,nan,nan
1769622076.17454,nan,nan,nan,nan,nan,nan,nan,nan,nan,nan,nan,nan,nan,nan,nan,nan,nan,27.9209,nan,nan,28.4632,nan,nan,5.5519,nan,nan,nan,nan,nan,nan,nan,nan,14.0438,nan,nan,3.6007,nan,nan,2.3047,nan,nan,nan,nan,nan,nan,nan,nan,12.238,nan,nan,9.5457,nan,nan,8.1303,nan,nan,nan,nan,nan,nan,nan,nan,18.0586,nan,nan,7.5102,nan,nan,12.3521,nan,nan,nan,nan,nan,38.0037,nan,nan,20.4452,nan,nan,nan,nan,nan,nan,nan,nan
1769622076.2642996,nan,nan,nan,nan,nan,nan,nan,nan,nan,nan,nan,nan,nan,nan,nan,nan,nan,29.9472,nan,nan,29.9844,nan,nan,4.9914,nan,nan,nan,nan,nan,nan,nan,nan,14.5336,nan,nan,3.7676,nan,nan,2.4046,nan,nan,nan,nan,nan,nan,nan,nan,12.2074,nan,nan,9.2644,nan,nan,8.5973,nan,nan,nan,nan,nan,nan,nan,nan,18.1112,nan,nan,7.4651,nan,nan,12.3768,nan,nan,nan,nan,nan,37.5195,nan,nan,20.3653,nan,nan,nan,nan,nan,nan,nan,nan
1769622076.3649704,nan,nan,nan,nan,nan,nan,nan,nan,nan,nan,nan,nan,nan,nan,nan,nan,nan,35.0918,nan,nan,34.7884,nan,nan,5.4269,nan,nan,nan,nan,nan,nan,nan,nan,15.6057,nan,nan,3.7602,nan,nan,3.0826,nan,nan,nan,nan,nan,nan,nan,nan,12.5235,nan,nan,8.488,nan,nan,8.0105,nan,nan,nan,nan,nan,nan,nan,nan,18.1193,nan,nan,6.4783,nan,nan,11.3001,nan,nan,nan,nan,nan,36.8975,nan,nan,20.7192,nan,nan,nan,nan,nan,nan,nan,nan
1769622076.452739,nan,nan,nan,nan,nan,nan,nan,nan,nan,nan,nan,nan,nan,nan,nan,nan,nan,35.4178,nan,nan,40.815,nan,nan,6.349,nan,nan,nan,nan,nan,nan,nan,nan,16.0097,nan,nan,3.8079,nan,nan,3.1396,nan,nan,nan,nan,nan,nan,nan,nan,12.6139,nan,nan,8.2205,nan,nan,7.575,nan,nan,nan,nan,nan,nan,nan,nan,17.7927,nan,nan,6.4402,nan,nan,11.387,nan,nan,nan,nan,nan,36.3071,nan,nan,20.5821,nan,nan,nan,nan,nan,nan,nan,nan
1769622076.5450203,nan,nan,nan,nan,nan,nan,nan,nan,nan,nan,nan,nan,nan,nan,nan,nan,nan,34.423,nan,nan,38.4573,nan,nan,6.7935,nan,nan,nan,nan,nan,nan,nan,nan,14.5278,nan,nan,4.302,nan,nan,2.6388,nan,nan,nan,nan,nan,nan,nan,nan,12.2711,nan,nan,8.5484,nan,nan,6.8921,nan,nan,nan,nan,nan,nan,nan,nan,17.2786,nan,nan,6.576,nan,nan,11.6462,nan,nan,nan,nan,nan,37.3655,nan,nan,21.4795,nan,nan,nan,nan,nan,nan,nan,nan
1769622076.6413777,nan,nan,nan,nan,nan,nan,nan,nan,nan,nan,nan,nan,nan,nan,nan,nan,nan,31.1753,nan,nan,33.6349,nan,nan,6.7709,nan,nan,nan,nan,nan,nan,nan,nan,12.9928,nan,nan,4.0358,nan,nan,2.6614,nan,nan,nan,nan,nan,nan,nan,nan,11.9957,nan,nan,7.224,nan,nan,5.9466,nan,nan,nan,nan,nan,nan,nan,nan,16.6828,nan,nan,5.801,nan,nan,11.3399,nan,nan,nan,nan,nan,38.7102,nan,nan,22.3176,nan,nan,nan,nan,nan,nan,nan,nan
1769622076.7356212,nan,nan,nan,nan,nan,nan,nan,nan,nan,nan,nan,nan,nan,nan,nan,nan,nan,27.8414,nan,nan,29.494,nan,nan,6.9909,nan,nan,nan,nan,nan,nan,nan,nan,11.5069,nan,nan,3.9121,nan,nan,2.4786,nan,nan,nan,nan,nan,nan,nan,nan,11.7489,nan,nan,6.1216,nan,nan,5.1812,nan,nan,nan,nan,nan,nan,nan,nan,16.2895,nan,nan,4.9409,nan,nan,11.2144,nan,nan,nan,nan,nan,39.458,nan,nan,22.7097,nan,nan,nan,nan,nan,nan,nan,nan
1769622076.82717,nan,nan,nan,nan,nan,nan,nan,nan,nan,nan,nan,nan,nan,nan,nan,nan,nan,24.3087,nan,nan,26.2165,nan,nan,6.8717,nan,nan,nan,nan,nan,nan,nan,nan,10.5342,nan,nan,3.9674,nan,nan,2.3612,nan,nan,nan,nan,nan,nan,nan,nan,11.5026,nan,nan,5.1002,nan,nan,4.6929,nan,nan,nan,nan,nan,nan,nan,nan,15.8428,nan,nan,4.7891,nan,nan,10.8647,nan,nan,nan,nan,nan,40.498,nan,nan,22.5924,nan,nan,nan,nan,nan,nan,nan,nan
1769622076.9288094,nan,nan,nan,nan,nan,nan,nan,nan,nan,nan,nan,nan,nan,nan,nan,nan,nan,20.4451,nan,nan,22.7138,nan,nan,6.5641,nan,nan,nan,nan,nan,nan,nan,nan,11.2939,nan,nan,4.1023,nan,nan,2.0602,nan,nan,nan,nan,nan,nan,nan,nan,11.198,nan,nan,4.2911,nan,nan,4.5166,nan,nan,nan,nan,nan,nan,nan,nan,15.7593,nan,nan,4.9272,nan,nan,10.4606,nan,nan,nan,nan,nan,41.3785,nan,nan,21.4996,nan,nan,nan,nan,nan,nan,nan,nan
1769622077.0179179,nan,nan,nan,nan,nan,nan,nan,nan,nan,nan,nan,nan,nan,nan,nan,nan,nan,17.3287,nan,nan,19.8024,nan,nan,6.6275,nan,nan,nan,nan,nan,nan,nan,nan,13.4142,nan,nan,4.5673,nan,nan,2.0832,nan,nan,nan,nan,nan,nan,nan,nan,10.6823,nan,nan,3.5408,nan,nan,4.4963,nan,nan,nan,nan,nan,nan,nan,nan,15.5467,nan,nan,4.9129,nan,nan,10.7074,nan,nan,nan,nan,nan,41.9767,nan,nan,21.3612,nan,nan,nan,nan,nan,nan,nan,nan
1769622077.1102436,nan,nan,nan,nan,nan,nan,nan,nan,nan,nan,nan,nan,nan,nan,nan,nan,nan,16.1911,nan,nan,17.9249,nan,nan,6.5942,nan,nan,nan,nan,nan,nan,nan,nan,19.9208,nan,nan,11.5347,nan,nan,6.2886,nan,nan,nan,nan,nan,nan,nan,nan,12.9898,nan,nan,6.2177,nan,nan,5.8843,nan,nan,nan,nan,nan,nan,nan,nan,17.3133,nan,nan,3.9888,nan,nan,9.9255,nan,nan,nan,nan,nan,42.2364,nan,nan,22.4424,nan,nan,nan,nan,nan,nan,nan,nan
1769622077.2040834,nan,nan,nan,nan,nan,nan,nan,nan,nan,nan,nan,nan,nan,nan,nan,nan,nan,16.7466,nan,nan,15.6168,nan,nan,7.1761,nan,nan,nan,nan,nan,nan,nan,nan,29.3247,nan,nan,18.4646,nan,nan,6.4353,nan,nan,nan,nan,nan,nan,nan,nan,17.3868,nan,nan,8.9485,nan,nan,6.0012,nan,nan,nan,nan,nan,nan,nan,nan,17.6248,nan,nan,4.2264,nan,nan,10.1602,nan,nan,nan,nan,nan,41.9564,nan,nan,23.6722,nan,nan,nan,nan,nan,nan,nan,nan
1769622077.307779,nan,nan,nan,nan,nan,nan,nan,nan,nan,nan,nan,nan,nan,nan,nan,nan,nan,17.313,nan,nan,14.0047,nan,nan,7.0838,nan,nan,nan,nan,nan,nan,nan,nan,38.1075,nan,nan,23.8141,nan,nan,6.4355,nan,nan,nan,nan,nan,nan,nan,nan,22.0318,nan,nan,10.364,nan,nan,6.1834,nan,nan,nan,nan,nan,nan,nan,nan,17.9093,nan,nan,5.8815,nan,nan,9.7951,nan,nan,nan,nan,nan,41.4904,nan,nan,24.2107,nan,nan,nan,nan,nan,nan,nan,nan
1769622077.3910718,nan,nan,nan,nan,nan,nan,nan,nan,nan,nan,nan,nan,nan,nan,nan,nan,nan,18.1359,nan,nan,12.8608,nan,nan,6.8162,nan,nan,nan,nan,nan,nan,nan,nan,45.3545,nan,nan,28.3755,nan,nan,6.2937,nan,nan,nan,nan,nan,nan,nan,nan,25.9569,nan,nan,11.8958,nan,nan,6.3564,nan,nan,nan,nan,nan,nan,nan,nan,17.4473,nan,nan,7.5526,nan,nan,8.7434,nan,nan,nan,nan,nan,41.4637,nan,nan,23.7017,nan,nan,nan,nan,nan,nan,nan,nan
1769622077.4944906,nan,nan,nan,nan,nan,nan,nan,nan,nan,nan,nan,nan,nan,nan,nan,nan,nan,18.658,nan,nan,12.0421,nan,nan,6.759,nan,nan,nan,nan,nan,nan,nan,nan,51.129,nan,nan,32.0791,nan,nan,6.1985,nan,nan,nan,nan,nan,nan,nan,nan,29.5558,nan,nan,13.3182,nan,nan,6.05,nan,nan,nan,nan,nan,nan,nan,nan,17.4691,nan,nan,8.3843,nan,nan,8.7915,nan,nan,nan,nan,nan,41.3926,nan,nan,24.0325,nan,nan,nan,nan,nan,nan,nan,nan
1769622077.588928,nan,nan,nan,nan,nan,nan,nan,nan,nan,nan,nan,nan,nan,nan,nan,nan,nan,19.1996,nan,nan,11.3607,nan,nan,6.696,nan,nan,nan,nan,nan,nan,nan,nan,55.967,nan,nan,34.941,nan,nan,6.1359,nan,nan,nan,nan,nan,nan,nan,nan,32.6176,nan,nan,13.8637,nan,nan,6.1585,nan,nan,nan,nan,nan,nan,nan,nan,17.5518,nan,nan,7.8505,nan,nan,8.2027,nan,nan,nan,nan,nan,41.3604,nan,nan,23.4508,nan,nan,nan,nan,nan,nan,nan,nan
1769622077.6734424,nan,nan,nan,nan,nan,nan,nan,nan,nan,nan,nan,nan,nan,nan,nan,nan,nan,19.5249,nan,nan,10.768,nan,nan,7.0407,nan,nan,nan,nan,nan,nan,nan,nan,59.0398,nan,nan,36.3766,nan,nan,5.9842,nan,nan,nan,nan,nan,nan,nan,nan,34.7055,nan,nan,14.4833,nan,nan,5.5146,nan,nan,nan,nan,nan,nan,nan,nan,18.2711,nan,nan,6.5701,nan,nan,8.5454,nan,nan,nan,nan,nan,41.4604,nan,nan,22.7598,nan,nan,nan,nan,nan,nan,nan,nan
1769622077.7737796,nan,nan,nan,nan,nan,nan,nan,nan,nan,nan,nan,nan,nan,nan,nan,nan,nan,18.922,nan,nan,10.5202,nan,nan,7.4947,nan,nan,nan,nan,nan,nan,nan,nan,59.9196,nan,nan,35.8688,nan,nan,6.4376,nan,nan,nan,nan,nan,nan,nan,nan,34.8865,nan,nan,14.2344,nan,nan,5.2033,nan,nan,nan,nan,nan,nan,nan,nan,19.8118,nan,nan,6.9014,nan,nan,8.2669,nan,nan,nan,nan,nan,41.4568,nan,nan,21.9837,nan,nan,nan,nan,nan,nan,nan,nan
1769622077.8642268,nan,nan,nan,nan,nan,nan,nan,nan,nan,nan,nan,nan,nan,nan,nan,nan,nan,16.6025,nan,nan,9.7748,nan,nan,6.8256,nan,nan,nan,nan,nan,nan,nan,nan,52.1345,nan,nan,31.1982,nan,nan,5.8439,nan,nan,nan,nan,nan,nan,nan,nan,31.0129,nan,nan,12.0642,nan,nan,4.5364,nan,nan,nan,nan,nan,nan,nan,nan,18.4509,nan,nan,6.4433,nan,nan,8.1433,nan,nan,nan,nan,nan,41.9247,nan,nan,21.6521,nan,nan,nan,nan,nan,nan,nan,nan
1769622077.9535353,nan,nan,nan,nan,nan,nan,nan,nan,nan,nan,nan,nan,nan,nan,nan,nan,nan,14.2352,nan,nan,8.7424,nan,nan,6.4316,nan,nan,nan,nan,nan,nan,nan,nan,42.8726,nan,nan,25.3739,nan,nan,4.7341,nan,nan,nan,nan,nan,nan,nan,nan,27.0468,nan,nan,10.6907,nan,nan,3.923,nan,nan,nan,nan,nan,nan,nan,nan,17.2984,nan,nan,6.1651,nan,nan,7.9289,nan,nan,nan,nan,nan,42.4869,nan,nan,23.2208,nan,nan,nan,nan,nan,nan,nan,nan
1769622078.0644348,nan,nan,nan,nan,nan,nan,nan,nan,nan,nan,nan,nan,nan,nan,nan,nan,nan,12.4528,nan,nan,8.13,nan,nan,6.2886,nan,nan,nan,nan,nan,nan,nan,nan,34.8369,nan,nan,20.9627,nan,nan,3.9543,nan,nan,nan,nan,nan,nan,nan,nan,24.3683,nan,nan,9.9421,nan,nan,3.6371,nan,nan,nan,nan,nan,nan,nan,nan,16.1321,nan,nan,5.9195,nan,nan,7.3103,nan,nan,nan,nan,nan,42.8103,nan,nan,23.371,nan,nan,nan,nan,nan,nan,nan,nan
1769622078.138578,nan,nan,nan,nan,nan,nan,nan,nan,nan,nan,nan,nan,nan,nan,nan,nan,nan,10.8312,nan,nan,7.8597,nan,nan,6.289,nan,nan,nan,nan,nan,nan,nan,nan,30.4511,nan,nan,17.8045,nan,nan,3.6221,nan,nan,nan,nan,nan,nan,nan,nan,26.8526,nan,nan,12.8978,nan,nan,4.0522,nan,nan,nan,nan,nan,nan,nan,nan,17.2098,nan,nan,10.0692,nan,nan,6.8306,nan,nan,nan,nan,nan,43.0538,nan,nan,23.5731,nan,nan,nan,nan,nan,nan,nan,nan
1769622078.2451153,nan,nan,nan,nan,nan,nan,nan,nan,nan,nan,nan,nan,nan,nan,nan,nan,nan,10.0613,nan,nan,7.8721,nan,nan,6.0789,nan,nan,nan,nan,nan,nan,nan,nan,28.4829,nan,nan,15.6117,nan,nan,3.1941,nan,nan,nan,nan,nan,nan,nan,nan,29.7822,nan,nan,20.3647,nan,nan,4.1327,nan,nan,nan,nan,nan,nan,nan,nan,18.5882,nan,nan,14.7685,nan,nan,6.4146,nan,nan,nan,nan,nan,43.5193,nan,nan,23.7561,nan,nan,nan,nan,nan,nan,nan,nan
1769622078.3400116,nan,nan,nan,nan,nan,nan,nan,nan,nan,nan,nan,nan,nan,nan,nan,nan,nan,9.7597,nan,nan,8.577,nan,nan,5.6794,nan,nan,nan,nan,nan,nan,nan,nan,27.3474,nan,nan,14.9284,nan,nan,2.9565,nan,nan,nan,nan,nan,nan,nan,nan,32.5153,nan,nan,33.1643,nan,nan,4.2527,nan,nan,nan,nan,nan,nan,nan,nan,16.674,nan,nan,19.5271,nan,nan,7.9864,nan,nan,nan,nan,nan,44.1265,nan,nan,23.7815,nan,nan,nan,nan,nan,nan,nan,nan
1769622078.4282906,nan,nan,nan,nan,nan,nan,nan,nan,nan,nan,nan,nan,nan,nan,nan,nan,nan,9.5871,nan,nan,8.6579,nan,nan,5.392,nan,nan,nan,nan,nan,nan,nan,nan,26.6842,nan,nan,14.3978,nan,nan,3.5327,nan,nan,nan,nan,nan,nan,nan,nan,37.1698,nan,nan,41.9489,nan,nan,4.246,nan,nan,nan,nan,nan,nan,nan,nan,15.5858,nan,nan,21.7287,nan,nan,8.3699,nan,nan,nan,nan,nan,44.334,nan,nan,23.4934,nan,nan,nan,nan,nan,nan,nan,nan
1769622078.521238,nan,nan,nan,nan,nan,nan,nan,nan,nan,nan,nan,nan,nan,nan,nan,nan,nan,9.3157,nan,nan,8.4368,nan,nan,5.1916,nan,nan,nan,nan,nan,nan,nan,nan,26.5533,nan,nan,13.4428,nan,nan,3.9688,nan,nan,nan,nan,nan,nan,nan,nan,42.4582,nan,nan,47.4981,nan,nan,4.4199,nan,nan,nan,nan,nan,nan,nan,nan,17.0487,nan,nan,23.9887,nan,nan,7.6717,nan,nan,nan,nan,nan,44.3234,nan,nan,22.7874,nan,nan,nan,nan,nan,nan,nan,nan
1769622078.6138155,nan,nan,nan,nan,nan,nan,nan,nan,nan,nan,nan,nan,nan,nan,nan,nan,nan,9.2612,nan,nan,8.4137,nan,nan,4.9768,nan,nan,nan,nan,nan,nan,nan,nan,26.5968,nan,nan,12.8487,nan,nan,4.3242,nan,nan,nan,nan,nan,nan,nan,nan,46.6551,nan,nan,51.9588,nan,nan,4.4791,nan,nan,nan,nan,nan,nan,nan,nan,17.6412,nan,nan,25.685,nan,nan,7.8519,nan,nan,nan,nan,nan,44.3479,nan,nan,22.1048,nan,nan,nan,nan,nan,nan,nan,nan
1769622078.7021747,nan,nan,nan,nan,nan,nan,nan,nan,nan,nan,nan,nan,nan,nan,nan,nan,nan,9.3478,nan,nan,8.5489,nan,nan,4.788,nan,nan,nan,nan,nan,nan,nan,nan,26.742,nan,nan,12.3939,nan,nan,4.6758,nan,nan,nan,nan,nan,nan,nan,nan,50.1227,nan,nan,55.7306,nan,nan,4.7374,nan,nan,nan,nan,nan,nan,nan,nan,18.3844,nan,nan,26.8577,nan,nan,6.5879,nan,nan,nan,nan,nan,44.3558,nan,nan,21.4197,nan,nan,nan,nan,nan,nan,nan,nan
1769622078.818559,nan,nan,nan,nan,nan,nan,nan,nan,nan,nan,nan,nan,nan,nan,nan,nan,nan,9.2939,nan,nan,8.6049,nan,nan,4.7431,nan,nan,nan,nan,nan,nan,nan,nan,26.3876,nan,nan,11.7445,nan,nan,4.9423,nan,nan,nan,nan,nan,nan,nan,nan,52.5061,nan,nan,58.5289,nan,nan,5.1549,nan,nan,nan,nan,nan,nan,nan,nan,20.0127,nan,nan,25.8015,nan,nan,11.6103,nan,nan,nan,nan,nan,44.2345,nan,nan,21.3962,nan,nan,nan,nan,nan,nan,nan,nan
1769622078.89288,nan,nan,nan,nan,nan,nan,nan,nan,nan,nan,nan,nan,nan,nan,nan,nan,nan,9.3136,nan,nan,8.5145,nan,nan,4.7274,nan,nan,nan,nan,nan,nan,nan,nan,26.2738,nan,nan,11.4485,nan,nan,5.2634,nan,nan,nan,nan,nan,nan,nan,nan,55.5696,nan,nan,60.2155,nan,nan,5.4013,nan,nan,nan,nan,nan,nan,nan,nan,21.3865,nan,nan,25.5589,nan,nan,15.5076,nan,nan,nan,nan,nan,44.243,nan,nan,22.2688,nan,nan,nan,nan,nan,nan,nan,nan
1769622078.9988976,nan,nan,nan,nan,nan,nan,nan,nan,nan,nan,nan,nan,nan,nan,nan,nan,nan,9.0602,nan,nan,8.7431,nan,nan,4.5403,nan,nan,nan,nan,nan,nan,nan,nan,26.6408,nan,nan,11.1362,nan,nan,5.6605,nan,nan,nan,nan,nan,nan,nan,nan,57.1321,nan,nan,61.2509,nan,nan,5.3938,nan,nan,nan,nan,nan,nan,nan,nan,22.2867,nan,nan,33.6353,nan,nan,14.9715,nan,nan,nan,nan,nan,44.1759,nan,nan,23.0982,nan,nan,nan,nan,nan,nan,nan,nan
1769622079.0869997,nan,nan,nan,nan,nan,nan,nan,nan,nan,nan,nan,nan,nan,nan,nan,nan,nan,9.0005,nan,nan,8.7188,nan,nan,4.4429,nan,nan,nan,nan,nan,nan,nan,nan,26.9236,nan,nan,11.0924,nan,nan,5.9654,nan,nan,nan,nan,nan,nan,nan,nan,56.9601,nan,nan,63.1685,nan,nan,5.1052,nan,nan,nan,nan,nan,nan,nan,nan,22.0041,nan,nan,33.2009,nan,nan,14.4406,nan,nan,nan,nan,nan,43.8261,nan,nan,23.5764,nan,nan,nan,nan,nan,nan,nan,nan
1769622079.174333,nan,nan,nan,nan,nan,nan,nan,nan,nan,nan,nan,nan,nan,nan,nan,nan,nan,7.9709,nan,nan,7.8929,nan,nan,4.9446,nan,nan,nan,nan,nan,nan,nan,nan,23.1176,nan,nan,9.6058,nan,nan,5.4261,nan,nan,nan,nan,nan,nan,nan,nan,48.6661,nan,nan,51.4211,nan,nan,5.2819,nan,nan,nan,nan,nan,nan,nan,nan,20.2857,nan,nan,27.2226,nan,nan,11.8799,nan,nan,nan,nan,nan,44.0807,nan,nan,23.4374,nan,nan,nan,nan,nan,nan,nan,nan
1769622079.2633965,nan,nan,nan,nan,nan,nan,nan,nan,nan,nan,nan,nan,nan,nan,nan,nan,nan,6.9155,nan,nan,7.0203,nan,nan,5.2713,nan,nan,nan,nan,nan,nan,nan,nan,19.1133,nan,nan,8.1659,nan,nan,4.6277,nan,nan,nan,nan,nan,nan,nan,nan,40.1609,nan,nan,42.2309,nan,nan,4.2879,nan,nan,nan,nan,nan,nan,nan,nan,18.5893,nan,nan,21.9682,nan,nan,10.7393,nan,nan,nan,nan,nan,44.265,nan,nan,24.3879,nan,nan,nan,nan,nan,nan,nan,nan
1769622079.3589857,nan,nan,nan,nan,nan,nan,nan,nan,nan,nan,nan,nan,nan,nan,nan,nan,nan,5.8521,nan,nan,6.4079,nan,nan,5.6281,nan,nan,nan,nan,nan,nan,nan,nan,15.8977,nan,nan,6.6995,nan,nan,4.093,nan,nan,nan,nan,nan,nan,nan,nan,33.6452,nan,nan,34.5536,nan,nan,3.3671,nan,nan,nan,nan,nan,nan,nan,nan,17.3857,nan,nan,17.4944,nan,nan,9.3965,nan,nan,nan,nan,nan,44.2005,nan,nan,24.5608,nan,nan,nan,nan,nan,nan,nan,nan
1769622079.4589095,nan,nan,nan,nan,nan,nan,nan,nan,nan,nan,nan,nan,nan,nan,nan,nan,nan,5.4049,nan,nan,6.6839,nan,nan,6.1509,nan,nan,nan,nan,nan,nan,nan,nan,12.783,nan,nan,6.9004,nan,nan,4.3108,nan,nan,nan,nan,nan,nan,nan,nan,28.0129,nan,nan,29.7754,nan,nan,3.5767,nan,nan,nan,nan,nan,nan,nan,nan,15.964,nan,nan,15.3995,nan,nan,8.9013,nan,nan,nan,nan,nan,44.3492,nan,nan,24.1214,nan,nan,nan,nan,nan,nan,nan,nan
1769622079.5567293,nan,nan,nan,nan,nan,nan,nan,nan,nan,nan,nan,nan,nan,nan,nan,nan,nan,5.0907,nan,nan,7.6902,nan,nan,6.6869,nan,nan,nan,nan,nan,nan,nan,nan,10.1917,nan,nan,7.5926,nan,nan,4.8876,nan,nan,nan,nan,nan,nan,nan,nan,23.6658,nan,nan,26.4776,nan,nan,4.6201,nan,nan,nan,nan,nan,nan,nan,nan,14.739,nan,nan,14.8845,nan,nan,9.1844,nan,nan,nan,nan,nan,43.8604,nan,nan,22.9662,nan,nan,nan,nan,nan,nan,nan,nan
1769622079.644769,nan,nan,nan,nan,nan,nan,nan,nan,nan,nan,nan,nan,nan,nan,nan,nan,nan,4.7067,nan,nan,8.7065,nan,nan,7.114,nan,nan,nan,nan,nan,nan,nan,nan,8.359,nan,nan,8.0581,nan,nan,5.5423,nan,nan,nan,nan,nan,nan,nan,nan,20.1259,nan,nan,23.7887,nan,nan,5.7504,nan,nan,nan,nan,nan,nan,nan,nan,13.8455,nan,nan,14.6124,nan,nan,9.6389,nan,nan,nan,nan,nan,43.0998,nan,nan,21.1781,nan,nan,nan,nan,nan,nan,nan,nan
1769622079.7408721,nan,nan,nan,nan,nan,nan,nan,nan,nan,nan,nan,nan,nan,nan,nan,nan,nan,4.5941,nan,nan,8.9179,nan,nan,7.2149,nan,nan,nan,nan,nan,nan,nan,nan,6.6707,nan,nan,8.1521,nan,nan,5.5526,nan,nan,nan,nan,nan,nan,nan,nan,17.4575,nan,nan,21.2502,nan,nan,6.0585,nan,nan,nan,nan,nan,nan,nan,nan,13.2875,nan,nan,14.1012,nan,nan,9.5482,nan,nan,nan,nan,nan,42.34,nan,nan,18.5845,nan,nan,nan,nan,nan,nan,nan,nan
1769622079.8237484,nan,nan,nan,nan,nan,nan,nan,nan,nan,nan,nan,nan,nan,nan,nan,nan,nan,4.3584,nan,nan,9.0725,nan,nan,7.2873,nan,nan,nan,nan,nan,nan,nan,nan,5.4897,nan,nan,7.957,nan,nan,5.5541,nan,nan,nan,nan,nan,nan,nan,nan,15.5079,nan,nan,18.9588,nan,nan,6.1194,nan,nan,nan,nan,nan,nan,nan,nan,12.7692,nan,nan,12.9488,nan,nan,9.1412,nan,nan,nan,nan,nan,41.4538,nan,nan,15.7062,nan,nan,nan,nan,nan,nan,nan,nan
1769622079.9206064,nan,nan,nan,nan,nan,nan,nan,nan,nan,nan,nan,nan,nan,nan,nan,nan,nan,4.3264,nan,nan,8.8439,nan,nan,7.361,nan,nan,nan,nan,nan,nan,nan,nan,4.4593,nan,nan,7.7403,nan,nan,5.2083,nan,nan,nan,nan,nan,nan,nan,nan,13.8754,nan,nan,17.1489,nan,nan,5.6892,nan,nan,nan,nan,nan,nan,nan,nan,12.2018,nan,nan,11.9609,nan,nan,8.5872,nan,nan,nan,nan,nan,40.6118,nan,nan,13.3681,nan,nan,nan,nan,nan,nan,nan,nan
1769622080.017949,nan,nan,nan,nan,nan,nan,nan,nan,nan,nan,nan,nan,nan,nan,nan,nan,nan,4.3659,nan,nan,8.2189,nan,nan,7.3952,nan,nan,nan,nan,nan,nan,nan,nan,3.9651,nan,nan,7.4248,nan,nan,4.6745,nan,nan,nan,nan,nan,nan,nan,nan,12.7403,nan,nan,15.5247,nan,nan,5.3671,nan,nan,nan,nan,nan,nan,nan,nan,11.7101,nan,nan,10.9378,nan,nan,8.2057,nan,nan,nan,nan,nan,39.7327,nan,nan,12.503,nan,nan,nan,nan,nan,nan,nan,nan
1769622080.1092658,nan,nan,nan,nan,nan,nan,nan,nan,nan,nan,nan,nan,nan,nan,nan,nan,nan,4.337,nan,nan,7.9768,nan,nan,7.3737,nan,nan,nan,nan,nan,nan,nan,nan,3.7424,nan,nan,7.5102,nan,nan,4.4116,nan,nan,nan,nan,nan,nan,nan,nan,11.8565,nan,nan,14.3585,nan,nan,5.04,nan,nan,nan,nan,nan,nan,nan,nan,11.3215,nan,nan,9.9873,nan,nan,7.9661,nan,nan,nan,nan,nan,39.3888,nan,nan,12.6477,nan,nan,nan,nan,nan,nan,nan,nan
1769622080.214985,nan,nan,nan,nan,nan,nan,nan,nan,nan,nan,nan,nan,nan,nan,nan,nan,nan,5.3202,nan,nan,12.5786,nan,nan,8.3392,nan,nan,nan,nan,nan,nan,nan,nan,4.4949,nan,nan,11.6102,nan,nan,7.7526,nan,nan,nan,nan,nan,nan,nan,nan,12.5109,nan,nan,14.2618,nan,nan,7.5674,nan,nan,nan,nan,nan,nan,nan,nan,10.7508,nan,nan,9.2649,nan,nan,9.5003,nan,nan,nan,nan,nan,39.389,nan,nan,14.6484,nan,nan,nan,nan,nan,nan,nan,nan
1769622080.2940557,nan,nan,nan,nan,nan,nan,nan,nan,nan,nan,nan,nan,nan,nan,nan,nan,nan,6.8041,nan,nan,17.7417,nan,nan,10.869,nan,nan,nan,nan,nan,nan,nan,nan,4.9665,nan,nan,16.9058,nan,nan,14.3399,nan,nan,nan,nan,nan,nan,nan,nan,12.701,nan,nan,16.7373,nan,nan,13.8609,nan,nan,nan,nan,nan,nan,nan,nan,10.744,nan,nan,10.0834,nan,nan,12.3934,nan,nan,nan,nan,nan,39.351,nan,nan,16.4137,nan,nan,nan,nan,nan,nan,nan,nan
1769622080.4066494,nan,nan,nan,nan,nan,nan,nan,nan,nan,nan,nan,nan,nan,nan,nan,nan,nan,8.8695,nan,nan,25.1388,nan,nan,29.967,nan,nan,nan,nan,nan,nan,nan,nan,5.969,nan,nan,32.2218,nan,nan,29.5737,nan,nan,nan,nan,nan,nan,nan,nan,10.8777,nan,nan,36.135,nan,nan,25.367,nan,nan,nan,nan,nan,nan,nan,nan,9.9721,nan,nan,24.6093,nan,nan,29.0636,nan,nan,nan,nan,nan,39.5983,nan,nan,17.7739,nan,nan,nan,nan,nan,nan,nan,nan
1769622080.483458,nan,nan,nan,nan,nan,nan,nan,nan,nan,nan,nan,nan,nan,nan,nan,nan,nan,10.9437,nan,nan,31.9898,nan,nan,45.661,nan,nan,nan,nan,nan,nan,nan,nan,6.8354,nan,nan,50.4138,nan,nan,36.317,nan,nan,nan,nan,nan,nan,nan,nan,8.8942,nan,nan,52.9256,nan,nan,33.8235,nan,nan,nan,nan,nan,nan,nan,nan,9.7637,nan,nan,36.0219,nan,nan,42.351,nan,nan,nan,nan,nan,39.376,nan,nan,19.2634,nan,nan,nan,nan,nan,nan,nan,nan
1769622080.5879354,nan,nan,nan,nan,nan,nan,nan,nan,nan,nan,nan,nan,nan,nan,nan,nan,nan,12.6809,nan,nan,35.0837,nan,nan,63.3033,nan,nan,nan,nan,nan,nan,nan,nan,7.4252,nan,nan,64.6015,nan,nan,44.5138,nan,nan,nan,nan,nan,nan,nan,nan,7.4086,nan,nan,67.1967,nan,nan,41.2994,nan,nan,nan,nan,nan,nan,nan,nan,9.8221,nan,nan,42.9875,nan,nan,55.7176,nan,nan,nan,nan,nan,39.21,nan,nan,20.7553,nan,nan,nan,nan,nan,nan,nan,nan
1769622080.6784823,nan,nan,nan,nan,nan,nan,nan,nan,nan,nan,nan,nan,nan,nan,nan,nan,nan,14.0959,nan,nan,36.6621,nan,nan,79.6595,nan,nan,nan,nan,nan,nan,nan,nan,7.9037,nan,nan,77.1029,nan,nan,49.2726,nan,nan,nan,nan,nan,nan,nan,nan,6.2524,nan,nan,80.2672,nan,nan,45.2316,nan,nan,nan,nan,nan,nan,nan,nan,9.7551,nan,nan,53.2494,nan,nan,61.4012,nan,nan,nan,nan,nan,38.8487,nan,nan,22.2603,nan,nan,nan,nan,nan,nan,nan,nan
1769622080.7742434,nan,nan,nan,nan,nan,nan,nan,nan,nan,nan,nan,nan,nan,nan,nan,nan,nan,14.9098,nan,nan,41.0837,nan,nan,80.9831,nan,nan,nan,nan,nan,nan,nan,nan,8.3342,nan,nan,76.2815,nan,nan,56.1291,nan,nan,nan,nan,nan,nan,nan,nan,5.5754,nan,nan,79.7843,nan,nan,53.6992,nan,nan,nan,nan,nan,nan,nan,nan,9.9582,nan,nan,54.0254,nan,nan,67.8532,nan,nan,nan,nan,nan,38.5864,nan,nan,22.4452,nan,nan,nan,nan,nan,nan,nan,nan
1769622080.8614516,nan,nan,nan,nan,nan,nan,nan,nan,nan,nan,nan,nan,nan,nan,nan,nan,nan,14.8871,nan,nan,44.1033,nan,nan,72.5114,nan,nan,nan,nan,nan,nan,nan,nan,8.0623,nan,nan,69.7129,nan,nan,55.4828,nan,nan,nan,nan,nan,nan,nan,nan,4.2548,nan,nan,74.085,nan,nan,54.4175,nan,nan,nan,nan,nan,nan,nan,nan,9.494,nan,nan,56.3879,nan,nan,65.5118,nan,nan,nan,nan,nan,38.2205,nan,nan,23.1048,nan,nan,nan,nan,nan,nan,nan,nan
1769622080.9574518,nan,nan,nan,nan,nan,nan,nan,nan,nan,nan,nan,nan,nan,nan,nan,nan,nan,14.4003,nan,nan,39.7714,nan,nan,61.5496,nan,nan,nan,nan,nan,nan,nan,nan,6.5459,nan,nan,57.8108,nan,nan,47.8738,nan,nan,nan,nan,nan,nan,nan,nan,4.4981,nan,nan,61.4997,nan,nan,47.7169,nan,nan,nan,nan,nan,nan,nan,nan,9.8291,nan,nan,51.6638,nan,nan,58.8682,nan,nan,nan,nan,nan,38.0298,nan,nan,22.551,nan,nan,nan,nan,nan,nan,nan,nan
1769622081.0592027,nan,nan,nan,nan,nan,nan,nan,nan,nan,nan,nan,nan,nan,nan,nan,nan,nan,12.094,nan,nan,32.5789,nan,nan,50.3098,nan,nan,nan,nan,nan,nan,nan,nan,5.4599,nan,nan,46.7839,nan,nan,38.7104,nan,nan,nan,nan,nan,nan,nan,nan,4.4431,nan,nan,49.5934,nan,nan,38.4114,nan,nan,nan,nan,nan,nan,nan,nan,9.8575,nan,nan,42.764,nan,nan,48.454,nan,nan,nan,nan,nan,37.9668,nan,nan,21.9328,nan,nan,nan,nan,nan,nan,nan,nan
1769622081.140834,nan,nan,nan,nan,nan,nan,nan,nan,nan,nan,nan,nan,nan,nan,nan,nan,nan,9.9622,nan,nan,26.5467,nan,nan,41.4624,nan,nan,nan,nan,nan,nan,nan,nan,4.6187,nan,nan,37.7542,nan,nan,31.2425,nan,nan,nan,nan,nan,nan,nan,nan,3.7957,nan,nan,39.6712,nan,nan,31.0041,nan,nan,nan,nan,nan,nan,nan,nan,9.1671,nan,nan,34.9996,nan,nan,39.4349,nan,nan,nan,nan,nan,37.6778,nan,nan,20.9388,nan,nan,nan,nan,nan,nan,nan,nan
1769622081.2343323,nan,nan,nan,nan,nan,nan,nan,nan,nan,nan,nan,nan,nan,nan,nan,nan,nan,8.1441,nan,nan,22.0917,nan,nan,34.4006,nan,nan,nan,nan,nan,nan,nan,nan,3.7725,nan,nan,30.8818,nan,nan,25.9312,nan,nan,nan,nan,nan,nan,nan,nan,3.4441,nan,nan,32.0571,nan,nan,25.3827,nan,nan,nan,nan,nan,nan,nan,nan,7.5006,nan,nan,28.8011,nan,nan,32.7459,nan,nan,nan,nan,nan,37.3199,nan,nan,19.4564,nan,nan,nan,nan,nan,nan,nan,nan
1769622081.3360097,nan,nan,nan,nan,nan,nan,nan,nan,nan,nan,nan,nan,nan,nan,nan,nan,nan,6.8758,nan,nan,19.7846,nan,nan,28.5943,nan,nan,nan,nan,nan,nan,nan,nan,3.33,nan,nan,26.2319,nan,nan,21.0834,nan,nan,nan,nan,nan,nan,nan,nan,2.861,nan,nan,26.6944,nan,nan,20.6018,nan,nan,nan,nan,nan,nan,nan,nan,8.9571,nan,nan,24.1372,nan,nan,27.0442,nan,nan,nan,nan,nan,35.5082,nan,nan,15.4743,nan,nan,nan,nan,nan,nan,nan,nan
1769622081.425355,nan,nan,nan,nan,nan,nan,nan,nan,nan,nan,nan,nan,nan,nan,nan,nan,nan,19.1514,nan,nan,17.7488,nan,nan,23.5949,nan,nan,nan,nan,nan,nan,nan,nan,12.2907,nan,nan,25.2095,nan,nan,17.0058,nan,nan,nan,nan,nan,nan,nan,nan,7.5405,nan,nan,26.1978,nan,nan,18.0586,nan,nan,nan,nan,nan,nan,nan,nan,9.39,nan,nan,22.5645,nan,nan,23.1875,nan,nan,nan,nan,nan,33.1435,nan,nan,12.5666,nan,nan,nan,nan,nan,nan,nan,nan
1769622081.5307376,nan,nan,nan,nan,nan,nan,nan,nan,nan,nan,nan,nan,nan,nan,nan,nan,nan,32.0208,nan,nan,17.451,nan,nan,19.4877,nan,nan,nan,nan,nan,nan,nan,nan,24.4303,nan,nan,24.852,nan,nan,13.6815,nan,nan,nan,nan,nan,nan,nan,nan,16.433,nan,nan,28.6672,nan,nan,15.7042,nan,nan,nan,nan,nan,nan,nan,nan,19.1909,nan,nan,25.6459,nan,nan,18.66,nan,nan,nan,nan,nan,33.1704,nan,nan,14.1696,nan,nan,nan,nan,nan,nan,nan,nan
1769622081.608783,nan,nan,nan,nan,nan,nan,nan,nan,nan,nan,nan,nan,nan,nan,nan,nan,nan,42.7021,nan,nan,17.739,nan,nan,16.9807,nan,nan,nan,nan,nan,nan,nan,nan,34.9515,nan,nan,25.0536,nan,nan,11.4432,nan,nan,nan,nan,nan,nan,nan,nan,26.6621,nan,nan,29.0133,nan,nan,14.251,nan,nan,nan,nan,nan,nan,nan,nan,30.6021,nan,nan,25.6085,nan,nan,15.1365,nan,nan,nan,nan,nan,33.4106,nan,nan,14.6921,nan,nan,nan,nan,nan,nan,nan,nan
1769622081.7228775,nan,nan,nan,nan,nan,nan,nan,nan,nan,nan,nan,nan,nan,nan,nan,nan,nan,52.795,nan,nan,17.3441,nan,nan,14.4015,nan,nan,nan,nan,nan,nan,nan,nan,46.0851,nan,nan,23.0944,nan,nan,9.208,nan,nan,nan,nan,nan,nan,nan,nan,37.7049,nan,nan,28.0041,nan,nan,12.2022,nan,nan,nan,nan,nan,nan,nan,nan,42.5074,nan,nan,24.256,nan,nan,11.8552,nan,nan,nan,nan,nan,33.7153,nan,nan,15.4426,nan,nan,nan,nan,nan,nan,nan,nan
1769622081.7985957,nan,nan,nan,nan,nan,nan,nan,nan,nan,nan,nan,nan,nan,nan,nan,nan,nan,61.2157,nan,nan,16.6083,nan,nan,12.758,nan,nan,nan,nan,nan,nan,nan,nan,55.2252,nan,nan,21.4158,nan,nan,7.5701,nan,nan,nan,nan,nan,nan,nan,nan,47.0086,nan,nan,26.3429,nan,nan,10.9603,nan,nan,nan,nan,nan,nan,nan,nan,52.5485,nan,nan,22.346,nan,nan,9.11,nan,nan,nan,nan,nan,33.6425,nan,nan,16.2271,nan,nan,nan,nan,nan,nan,nan,nan
1769622081.9009175,nan,nan,nan,nan,nan,nan,nan,nan,nan,nan,nan,nan,nan,nan,nan,nan,nan,52.9331,nan,nan,19.5858,nan,nan,13.8357,nan,nan,nan,nan,nan,nan,nan,nan,49.8167,nan,nan,23.2985,nan,nan,7.3473,nan,nan,nan,nan,nan,nan,nan,nan,45.4805,nan,nan,26.5641,nan,nan,10.5569,nan,nan,nan,nan,nan,nan,nan,nan,55.955,nan,nan,20.6963,nan,nan,7.4937,nan,nan,nan,nan,nan,33.98,nan,nan,16.9257,nan,nan,nan,nan,nan,nan,nan,nan
1769622081.9922583,nan,nan,nan,nan,nan,nan,nan,nan,nan,nan,nan,nan,nan,nan,nan,nan,nan,43.3433,nan,nan,16.208,nan,nan,12.9743,nan,nan,nan,nan,nan,nan,nan,nan,40.9953,nan,nan,18.9773,nan,nan,6.8537,nan,nan,nan,nan,nan,nan,nan,nan,37.2322,nan,nan,21.5364,nan,nan,9.2563,nan,nan,nan,nan,nan,nan,nan,nan,45.6175,nan,nan,17.9862,nan,nan,7.4821,nan,nan,nan,nan,nan,32.8593,nan,nan,18.0566,nan,nan,nan,nan,nan,nan,nan,nan
1769622082.0933406,nan,nan,nan,nan,nan,nan,nan,nan,nan,nan,nan,nan,nan,nan,nan,nan,nan,36.3998,nan,nan,13.8273,nan,nan,11.5745,nan,nan,nan,nan,nan,nan,nan,nan,34.3814,nan,nan,14.8075,nan,nan,5.8739,nan,nan,nan,nan,nan,nan,nan,nan,31.4798,nan,nan,16.9788,nan,nan,7.8938,nan,nan,nan,nan,nan,nan,nan,nan,39.5118,nan,nan,14.5769,nan,nan,7.4167,nan,nan,nan,nan,nan,31.0209,nan,nan,17.1119,nan,nan,nan,nan,nan,nan,nan,nan
1769622082.1697137,nan,nan,nan,nan,nan,nan,nan,nan,nan,nan,nan,nan,nan,nan,nan,nan,nan,30.7259,nan,nan,12.0443,nan,nan,10.2155,nan,nan,nan,nan,nan,nan,nan,nan,28.9641,nan,nan,11.4762,nan,nan,5.3166,nan,nan,nan,nan,nan,nan,nan,nan,26.9814,nan,nan,13.2725,nan,nan,6.9741,nan,nan,nan,nan,nan,nan,nan,nan,34.2768,nan,nan,11.5227,nan,nan,7.113,nan,nan,nan,nan,nan,30.2378,nan,nan,17.0688,nan,nan,nan,nan,nan,nan,nan,nan
1769622082.2791085,nan,nan,nan,nan,nan,nan,nan,nan,nan,nan,nan,nan,nan,nan,nan,nan,nan,26.3743,nan,nan,10.6371,nan,nan,9.2048,nan,nan,nan,nan,nan,nan,nan,nan,24.4593,nan,nan,9.0879,nan,nan,4.6894,nan,nan,nan,nan,nan,nan,nan,nan,22.9072,nan,nan,10.0542,nan,nan,5.7778,nan,nan,nan,nan,nan,nan,nan,nan,29.1169,nan,nan,9.4295,nan,nan,6.4558,nan,nan,nan,nan,nan,29.655,nan,nan,16.4724,nan,nan,nan,nan,nan,nan,nan,nan
1769622082.362356,nan,nan,nan,nan,nan,nan,nan,nan,nan,nan,nan,nan,nan,nan,nan,nan,nan,22.7743,nan,nan,9.488,nan,nan,8.3892,nan,nan,nan,nan,nan,nan,nan,nan,20.8818,nan,nan,7.0929,nan,nan,4.2484,nan,nan,nan,nan,nan,nan,nan,nan,19.467,nan,nan,8.4033,nan,nan,5.0223,nan,nan,nan,nan,nan,nan,nan,nan,24.7108,nan,nan,7.3226,nan,nan,6.2964,nan,nan,nan,nan,nan,29.1533,nan,nan,15.8174,nan,nan,nan,nan,nan,nan,nan,nan
1769622082.4623349,nan,nan,nan,nan,nan,nan,nan,nan,nan,nan,nan,nan,nan,nan,nan,nan,nan,19.5003,nan,nan,8.5708,nan,nan,7.6808,nan,nan,nan,nan,nan,nan,nan,nan,17.7798,nan,nan,5.7809,nan,nan,3.9821,nan,nan,nan,nan,nan,nan,nan,nan,16.657,nan,nan,7.5333,nan,nan,4.596,nan,nan,nan,nan,nan,nan,nan,nan,20.9974,nan,nan,6.1118,nan,nan,6.5418,nan,nan,nan,nan,nan,28.6417,nan,nan,15.052,nan,nan,nan,nan,nan,nan,nan,nan
1769622082.553554,nan,nan,nan,nan,nan,nan,nan,nan,nan,nan,nan,nan,nan,nan,nan,nan,nan,16.5121,nan,nan,10.8995,nan,nan,8.6475,nan,nan,nan,nan,nan,nan,nan,nan,13.9457,nan,nan,8.4019,nan,nan,6.0348,nan,nan,nan,nan,nan,nan,nan,nan,13.8734,nan,nan,9.6776,nan,nan,6.2943,nan,nan,nan,nan,nan,nan,nan,nan,16.731,nan,nan,6.9979,nan,nan,7.4756,nan,nan,nan,nan,nan,26.9493,nan,nan,13.1128,nan,nan,nan,nan,nan,nan,nan,nan
1769622082.6542814,nan,nan,nan,nan,nan,nan,nan,nan,nan,nan,nan,nan,nan,nan,nan,nan,nan,15.6395,nan,nan,17.5333,nan,nan,11.061,nan,nan,nan,nan,nan,nan,nan,nan,13.1725,nan,nan,14.2115,nan,nan,8.757,nan,nan,nan,nan,nan,nan,nan,nan,13.6446,nan,nan,12.5518,nan,nan,13.6952,nan,nan,nan,nan,nan,nan,nan,nan,15.9303,nan,nan,5.8924,nan,nan,22.6961,nan,nan,nan,nan,nan,26.9404,nan,nan,12.3601,nan,nan,nan,nan,nan,nan,nan,nan
1769622082.7359738,nan,nan,nan,nan,nan,nan,nan,nan,nan,nan,nan,nan,nan,nan,nan,nan,nan,16.9852,nan,nan,31.8476,nan,nan,19.885,nan,nan,nan,nan,nan,nan,nan,nan,13.3939,nan,nan,32.0624,nan,nan,17.7053,nan,nan,nan,nan,nan,nan,nan,nan,11.9463,nan,nan,30.0952,nan,nan,27.0539,nan,nan,nan,nan,nan,nan,nan,nan,14.4316,nan,nan,23.0703,nan,nan,30.728,nan,nan,nan,nan,nan,27.8485,nan,nan,10.2675,nan,nan,nan,nan,nan,nan,nan,nan
1769622082.8274941,nan,nan,nan,nan,nan,nan,nan,nan,nan,nan,nan,nan,nan,nan,nan,nan,nan,19.0714,nan,nan,45.7443,nan,nan,26.2787,nan,nan,nan,nan,nan,nan,nan,nan,13.7646,nan,nan,47.6207,nan,nan,24.3419,nan,nan,nan,nan,nan,nan,nan,nan,10.6985,nan,nan,44.5496,nan,nan,37.8384,nan,nan,nan,nan,nan,nan,nan,nan,13.5811,nan,nan,37.0332,nan,nan,37.2742,nan,nan,nan,nan,nan,29.1776,nan,nan,10.7352,nan,nan,nan,nan,nan,nan,nan,nan
1769622082.9338214,nan,nan,nan,nan,nan,nan,nan,nan,nan,nan,nan,nan,nan,nan,nan,nan,nan,20.413,nan,nan,55.487,nan,nan,33.3565,nan,nan,nan,nan,nan,nan,nan,nan,14.0478,nan,nan,59.5178,nan,nan,30.9363,nan,nan,nan,nan,nan,nan,nan,nan,9.7275,nan,nan,56.1207,nan,nan,47.906,nan,nan,nan,nan,nan,nan,nan,nan,13.7501,nan,nan,48.1488,nan,nan,46.0539,nan,nan,nan,nan,nan,30.2075,nan,nan,11.9379,nan,nan,nan,nan,nan,nan,nan,nan
1769622083.0275466,nan,nan,nan,nan,nan,nan,nan,nan,nan,nan,nan,nan,nan,nan,nan,nan,nan,21.4867,nan,nan,63.9523,nan,nan,38.3542,nan,nan,nan,nan,nan,nan,nan,nan,14.2959,nan,nan,68.4132,nan,nan,36.5725,nan,nan,nan,nan,nan,nan,nan,nan,9.0663,nan,nan,63.6984,nan,nan,56.754,nan,nan,nan,nan,nan,nan,nan,nan,13.6174,nan,nan,55.2121,nan,nan,53.3162,nan,nan,nan,nan,nan,31.5743,nan,nan,13.2311,nan,nan,nan,nan,nan,nan,nan,nan
1769622083.112947,nan,nan,nan,nan,nan,nan,nan,nan,nan,nan,nan,nan,nan,nan,nan,nan,nan,21.8551,nan,nan,67.2499,nan,nan,41.5335,nan,nan,nan,nan,nan,nan,nan,nan,14.3888,nan,nan,73.0178,nan,nan,39.2606,nan,nan,nan,nan,nan,nan,nan,nan,8.0236,nan,nan,68.2089,nan,nan,58.9959,nan,nan,nan,nan,nan,nan,nan,nan,12.3155,nan,nan,61.9931,nan,nan,52.4594,nan,nan,nan,nan,nan,33.3873,nan,nan,15.4663,nan,nan,nan,nan,nan,nan,nan,nan
1769622083.220269,nan,nan,nan,nan,nan,nan,nan,nan,nan,nan,nan,nan,nan,nan,nan,nan,nan,20.412,nan,nan,62.9375,nan,nan,42.7082,nan,nan,nan,nan,nan,nan,nan,nan,13.5766,nan,nan,68.8314,nan,nan,42.1515,nan,nan,nan,nan,nan,nan,nan,nan,6.4743,nan,nan,64.6301,nan,nan,60.7965,nan,nan,nan,nan,nan,nan,nan,nan,11.1425,nan,nan,62.5408,nan,nan,51.3673,nan,nan,nan,nan,nan,35.1393,nan,nan,16.5843,nan,nan,nan,nan,nan,nan,nan,nan
1769622083.294754,nan,nan,nan,nan,nan,nan,nan,nan,nan,nan,nan,nan,nan,nan,nan,nan,nan,19.0889,nan,nan,53.2823,nan,nan,37.6997,nan,nan,nan,nan,nan,nan,nan,nan,12.2668,nan,nan,56.7558,nan,nan,38.2114,nan,nan,nan,nan,nan,nan,nan,nan,5.7147,nan,nan,54.6366,nan,nan,54.3428,nan,nan,nan,nan,nan,nan,nan,nan,10.9172,nan,nan,55.2919,nan,nan,46.5246,nan,nan,nan,nan,nan,36.4956,nan,nan,17.4228,nan,nan,nan,nan,nan,nan,nan,nan
1769622083.3920033,nan,nan,nan,nan,nan,nan,nan,nan,nan,nan,nan,nan,nan,nan,nan,nan,nan,15.6161,nan,nan,43.7074,nan,nan,31.3068,nan,nan,nan,nan,nan,nan,nan,nan,10.8469,nan,nan,46.5671,nan,nan,32.1516,nan,nan,nan,nan,nan,nan,nan,nan,5.8677,nan,nan,44.5204,nan,nan,44.3646,nan,nan,nan,nan,nan,nan,nan,nan,9.4947,nan,nan,44.5095,nan,nan,38.6376,nan,nan,nan,nan,nan,37.1311,nan,nan,17.3118,nan,nan,nan,nan,nan,nan,nan,nan
1769622083.4942298,nan,nan,nan,nan,nan,nan,nan,nan,nan,nan,nan,nan,nan,nan,nan,nan,nan,13.1732,nan,nan,35.3401,nan,nan,26.1851,nan,nan,nan,nan,nan,nan,nan,nan,9.5382,nan,nan,37.6993,nan,nan,26.2822,nan,nan,nan,nan,nan,nan,nan,nan,6.4738,nan,nan,35.9125,nan,nan,35.7926,nan,nan,nan,nan,nan,nan,nan,nan,10.3181,nan,nan,35.4893,nan,nan,31.3664,nan,nan,nan,nan,nan,36.6729,nan,nan,17.2851,nan,nan,nan,nan,nan,nan,nan,nan
1769622083.5857534,nan,nan,nan,nan,nan,nan,nan,nan,nan,nan,nan,nan,nan,nan,nan,nan,nan,11.4075,nan,nan,28.7956,nan,nan,22.5061,nan,nan,nan,nan,nan,nan,nan,nan,8.8093,nan,nan,30.719,nan,nan,21.5275,nan,nan,nan,nan,nan,nan,nan,nan,7.2905,nan,nan,29.0764,nan,nan,28.5914,nan,nan,nan,nan,nan,nan,nan,nan,11.9913,nan,nan,27.9866,nan,nan,25.4996,nan,nan,nan,nan,nan,36.2382,nan,nan,18.0183,nan,nan,nan,nan,nan,nan,nan,nan
1769622083.675362,nan,nan,nan,nan,nan,nan,nan,nan,nan,nan,nan,nan,nan,nan,nan,nan,nan,9.7204,nan,nan,23.5202,nan,nan,19.501,nan,nan,nan,nan,nan,nan,nan,nan,7.8125,nan,nan,25.1232,nan,nan,17.5741,nan,nan,nan,nan,nan,nan,nan,nan,7.4823,nan,nan,24.0412,nan,nan,22.9603,nan,nan,nan,nan,nan,nan,nan,nan,12.9201,nan,nan,21.9925,nan,nan,20.9018,nan,nan,nan,nan,nan,35.4974,nan,nan,18.4718,nan,nan,nan,nan,nan,nan,nan,nan
1769622083.7753472,nan,nan,nan,nan,nan,nan,nan,nan,nan,nan,nan,nan,nan,nan,nan,nan,nan,8.0782,nan,nan,21.3472,nan,nan,17.2871,nan,nan,nan,nan,nan,nan,nan,nan,6.0556,nan,nan,21.6411,nan,nan,14.7275,nan,nan,nan,nan,nan,nan,nan,nan,6.5414,nan,nan,20.1456,nan,nan,18.6818,nan,nan,nan,nan,nan,nan,nan,nan,12.4748,nan,nan,17.2963,nan,nan,16.9863,nan,nan,nan,nan,nan,35.3829,nan,nan,15.4167,nan,nan,nan,nan,nan,nan,nan,nan
1769622083.8682292,nan,nan,nan,nan,nan,nan,nan,nan,nan,nan,nan,nan,nan,nan,nan,nan,nan,7.8261,nan,nan,20.4971,nan,nan,15.7552,nan,nan,nan,nan,nan,nan,nan,nan,5.8431,nan,nan,19.6338,nan,nan,12.2329,nan,nan,nan,nan,nan,nan,nan,nan,6.2961,nan,nan,17.2614,nan,nan,15.5245,nan,nan,nan,nan,nan,nan,nan,nan,10.3941,nan,nan,13.9263,nan,nan,13.9155,nan,nan,nan,nan,nan,35.0526,nan,nan,13.3743,nan,nan,nan,nan,nan,nan,nan,nan
1769622083.9559703,nan,nan,nan,nan,nan,nan,nan,nan,nan,nan,nan,nan,nan,nan,nan,nan,nan,17.6558,nan,nan,19.9842,nan,nan,14.0278,nan,nan,nan,nan,nan,nan,nan,nan,12.0809,nan,nan,22.9871,nan,nan,11.0472,nan,nan,nan,nan,nan,nan,nan,nan,11.9347,nan,nan,23.5961,nan,nan,15.4251,nan,nan,nan,nan,nan,nan,nan,nan,20.1231,nan,nan,18.3423,nan,nan,12.9114,nan,nan,nan,nan,nan,35.4221,nan,nan,14.0396,nan,nan,nan,nan,nan,nan,nan,nan
1769622084.056437,nan,nan,nan,nan,nan,nan,nan,nan,nan,nan,nan,nan,nan,nan,nan,nan,nan,28.6514,nan,nan,19.4084,nan,nan,12.303,nan,nan,nan,nan,nan,nan,nan,nan,20.8324,nan,nan,24.3146,nan,nan,9.2465,nan,nan,nan,nan,nan,nan,nan,nan,19.6774,nan,nan,26.7562,nan,nan,14.4068,nan,nan,nan,nan,nan,nan,nan,nan,29.8745,nan,nan,21.3077,nan,nan,11.4383,nan,nan,nan,nan,nan,35.3256,nan,nan,15.1874,nan,nan,nan,nan,nan,nan,nan,nan
1769622084.1465688,nan,nan,nan,nan,nan,nan,nan,nan,nan,nan,nan,nan,nan,nan,nan,nan,nan,39.4175,nan,nan,19.5456,nan,nan,10.7599,nan,nan,nan,nan,nan,nan,nan,nan,31.2636,nan,nan,25.5508,nan,nan,7.489,nan,nan,nan,nan,nan,nan,nan,nan,28.8566,nan,nan,28.6206,nan,nan,12.8684,nan,nan,nan,nan,nan,nan,nan,nan,39.3723,nan,nan,22.7566,nan,nan,9.1812,nan,nan,nan,nan,nan,34.1733,nan,nan,14.7309,nan,nan,nan,nan,nan,nan,nan,nan
1769622084.242472,nan,nan,nan,nan,nan,nan,nan,nan,nan,nan,nan,nan,nan,nan,nan,nan,nan,49.4181,nan,nan,18.3727,nan,nan,10.05,nan,nan,nan,nan,nan,nan,nan,nan,41.1974,nan,nan,25.4765,nan,nan,6.5072,nan,nan,nan,nan,nan,nan,nan,nan,38.0286,nan,nan,28.8755,nan,nan,11.7725,nan,nan,nan,nan,nan,nan,nan,nan,48.2176,nan,nan,23.072,nan,nan,7.3364,nan,nan,nan,nan,nan,33.769,nan,nan,14.1481,nan,nan,nan,nan,nan,nan,nan,nan
1769622084.3311026,nan,nan,nan,nan,nan,nan,nan,nan,nan,nan,nan,nan,nan,nan,nan,nan,nan,57.1331,nan,nan,16.9705,nan,nan,9.1794,nan,nan,nan,nan,nan,nan,nan,nan,49.2114,nan,nan,24.5936,nan,nan,5.6002,nan,nan,nan,nan,nan,nan,nan,nan,45.4106,nan,nan,28.6152,nan,nan,10.7885,nan,nan,nan,nan,nan,nan,nan,nan,54.9663,nan,nan,22.9178,nan,nan,5.739,nan,nan,nan,nan,nan,33.0162,nan,nan,13.3683,nan,nan,nan,nan,nan,nan,nan,nan
1769622084.4327736,nan,nan,nan,nan,nan,nan,nan,nan,nan,nan,nan,nan,nan,nan,nan,nan,nan,50.0321,nan,nan,18.068,nan,nan,11.1216,nan,nan,nan,nan,nan,nan,nan,nan,44.7044,nan,nan,24.4137,nan,nan,6.094,nan,nan,nan,nan,nan,nan,nan,nan,41.9932,nan,nan,27.6674,nan,nan,10.6861,nan,nan,nan,nan,nan,nan,nan,nan,55.0169,nan,nan,21.8438,nan,nan,4.9958,nan,nan,nan,nan,nan,34.3101,nan,nan,15.1068,nan,nan,nan,nan,nan,nan,nan,nan
1769622084.5294714,nan,nan,nan,nan,nan,nan,nan,nan,nan,nan,nan,nan,nan,nan,nan,nan,nan,40.5833,nan,nan,15.3976,nan,nan,10.2995,nan,nan,nan,nan,nan,nan,nan,nan,36.0297,nan,nan,20.3221,nan,nan,5.6564,nan,nan,nan,nan,nan,nan,nan,nan,34.4918,nan,nan,22.1788,nan,nan,8.9213,nan,nan,nan,nan,nan,nan,nan,nan,44.4995,nan,nan,17.4253,nan,nan,4.9573,nan,nan,nan,nan,nan,33.3415,nan,nan,15.4275,nan,nan,nan,nan,nan,nan,nan,nan
1769622084.6390266,nan,nan,nan,nan,nan,nan,nan,nan,nan,nan,nan,nan,nan,nan,nan,nan,nan,33.7105,nan,nan,13.3818,nan,nan,9.1892,nan,nan,nan,nan,nan,nan,nan,nan,29.8127,nan,nan,16.475,nan,nan,4.7504,nan,nan,nan,nan,nan,nan,nan,nan,28.9066,nan,nan,17.802,nan,nan,7.3956,nan,nan,nan,nan,nan,nan,nan,nan,36.7816,nan,nan,13.731,nan,nan,4.6222,nan,nan,nan,nan,nan,31.5549,nan,nan,15.5619,nan,nan,nan,nan,nan,nan,nan,nan
1769622084.7316406,nan,nan,nan,nan,nan,nan,nan,nan,nan,nan,nan,nan,nan,nan,nan,nan,nan,28.0464,nan,nan,11.6618,nan,nan,8.3427,nan,nan,nan,nan,nan,nan,nan,nan,24.7015,nan,nan,13.1867,nan,nan,4.0345,nan,nan,nan,nan,nan,nan,nan,nan,24.2489,nan,nan,14.0842,nan,nan,6.3408,nan,nan,nan,nan,nan,nan,nan,nan,30.416,nan,nan,10.7784,nan,nan,4.7129,nan,nan,nan,nan,nan,30.3175,nan,nan,15.3468,nan,nan,nan,nan,nan,nan,nan,nan
1769622084.8126566,nan,nan,nan,nan,nan,nan,nan,nan,nan,nan,nan,nan,nan,nan,nan,nan,nan,23.909,nan,nan,10.3095,nan,nan,7.6601,nan,nan,nan,nan,nan,nan,nan,nan,20.7255,nan,nan,10.5229,nan,nan,3.4156,nan,nan,nan,nan,nan,nan,nan,nan,20.5452,nan,nan,11.4948,nan,nan,5.2091,nan,nan,nan,nan,nan,nan,nan,nan,25.3307,nan,nan,8.5005,nan,nan,4.841,nan,nan,nan,nan,nan,29.8932,nan,nan,15.2498,nan,nan,nan,nan,nan,nan,nan,nan
1769622084.9219415,nan,nan,nan,nan,nan,nan,nan,nan,nan,nan,nan,nan,nan,nan,nan,nan,nan,20.4764,nan,nan,9.2838,nan,nan,7.1854,nan,nan,nan,nan,nan,nan,nan,nan,17.6429,nan,nan,8.6622,nan,nan,3.5156,nan,nan,nan,nan,nan,nan,nan,nan,17.6319,nan,nan,10.0544,nan,nan,4.6767,nan,nan,nan,nan,nan,nan,nan,nan,21.5022,nan,nan,7.1469,nan,nan,5.127,nan,nan,nan,nan,nan,29.5427,nan,nan,14.8424,nan,nan,nan,nan,nan,nan,nan,nan
1769622084.9957166,nan,nan,nan,nan,nan,nan,nan,nan,nan,nan,nan,nan,nan,nan,nan,nan,nan,17.7726,nan,nan,8.521,nan,nan,6.8588,nan,nan,nan,nan,nan,nan,nan,nan,15.0854,nan,nan,7.3173,nan,nan,3.6065,nan,nan,nan,nan,nan,nan,nan,nan,15.4475,nan,nan,8.8902,nan,nan,4.2115,nan,nan,nan,nan,nan,nan,nan,nan,18.4008,nan,nan,6.1738,nan,nan,5.4924,nan,nan,nan,nan,nan,29.3716,nan,nan,15.0542,nan,nan,nan,nan,nan,nan,nan,nan
1769622085.0959692,nan,nan,nan,nan,nan,nan,nan,nan,nan,nan,nan,nan,nan,nan,nan,nan,nan,15.5412,nan,nan,7.8645,nan,nan,6.6582,nan,nan,nan,nan,nan,nan,nan,nan,13.3417,nan,nan,6.1758,nan,nan,3.6325,nan,nan,nan,nan,nan,nan,nan,nan,13.7852,nan,nan,8.1759,nan,nan,3.8061,nan,nan,nan,nan,nan,nan,nan,nan,16.1307,nan,nan,5.6118,nan,nan,5.6504,nan,nan,nan,nan,nan,29.1566,nan,nan,14.8391,nan,nan,nan,nan,nan,nan,nan,nan
1769622085.2005918,nan,nan,nan,nan,nan,nan,nan,nan,nan,nan,nan,nan,nan,nan,nan,nan,nan,13.9112,nan,nan,7.278,nan,nan,6.491,nan,nan,nan,nan,nan,nan,nan,nan,11.9363,nan,nan,5.2119,nan,nan,3.5207,nan,nan,nan,nan,nan,nan,nan,nan,12.4235,nan,nan,7.509,nan,nan,3.4,nan,nan,nan,nan,nan,nan,nan,nan,14.459,nan,nan,5.2454,nan,nan,5.836,nan,nan,nan,nan,nan,28.7031,nan,nan,14.6786,nan,nan,nan,nan,nan,nan,nan,nan
1769622085.2807982,nan,nan,nan,nan,nan,nan,nan,nan,nan,nan,nan,nan,nan,nan,nan,nan,nan,12.6878,nan,nan,6.6859,nan,nan,6.3866,nan,nan,nan,nan,nan,nan,nan,nan,10.8909,nan,nan,4.4299,nan,nan,3.5194,nan,nan,nan,nan,nan,nan,nan,nan,11.3875,nan,nan,7.1839,nan,nan,3.0916,nan,nan,nan,nan,nan,nan,nan,nan,13.0769,nan,nan,5.0049,nan,nan,5.956,nan,nan,nan,nan,nan,28.4183,nan,nan,14.2041,nan,nan,nan,nan,nan,nan,nan,nan
1769622085.3859234,nan,nan,nan,nan,nan,nan,nan,nan,nan,nan,nan,nan,nan,nan,nan,nan,nan,11.908,nan,nan,6.3109,nan,nan,6.3802,nan,nan,nan,nan,nan,nan,nan,nan,10.1845,nan,nan,3.8849,nan,nan,3.7215,nan,nan,nan,nan,nan,nan,nan,nan,10.5585,nan,nan,6.8118,nan,nan,2.9252,nan,nan,nan,nan,nan,nan,nan,nan,11.9224,nan,nan,4.5151,nan,nan,6.0804,nan,nan,nan,nan,nan,28.2759,nan,nan,13.7619,nan,nan,nan,nan,nan,nan,nan,nan
1769622085.4871793,nan,nan,nan,nan,nan,nan,nan,nan,nan,nan,nan,nan,nan,nan,nan,nan,nan,11.1043,nan,nan,6.0236,nan,nan,6.3584,nan,nan,nan,nan,nan,nan,nan,nan,9.5251,nan,nan,3.51,nan,nan,3.7811,nan,nan,nan,nan,nan,nan,nan,nan,9.8603,nan,nan,6.6771,nan,nan,2.8174,nan,nan,nan,nan,nan,nan,nan,nan,11.125,nan,nan,4.3577,nan,nan,6.2018,nan,nan,nan,nan,nan,28.1733,nan,nan,13.2148,nan,nan,nan,nan,nan,nan,nan,nan
1769622085.5638697,nan,nan,nan,nan,nan,nan,nan,nan,nan,nan,nan,nan,nan,nan,nan,nan,nan,10.573,nan,nan,5.8899,nan,nan,6.3353,nan,nan,nan,nan,nan,nan,nan,nan,8.9262,nan,nan,3.1337,nan,nan,3.8511,nan,nan,nan,nan,nan,nan,nan,nan,9.3366,nan,nan,6.4912,nan,nan,2.6219,nan,nan,nan,nan,nan,nan,nan,nan,10.3787,nan,nan,4.3877,nan,nan,6.1377,nan,nan,nan,nan,nan,28.2569,nan,nan,12.8212,nan,nan,nan,nan,nan,nan,nan,nan
1769622085.6639333,nan,nan,nan,nan,nan,nan,nan,nan,nan,nan,nan,nan,nan,nan,nan,nan,nan,10.2794,nan,nan,5.7832,nan,nan,6.349,nan,nan,nan,nan,nan,nan,nan,nan,8.3525,nan,nan,2.8376,nan,nan,3.8752,nan,nan,nan,nan,nan,nan,nan,nan,8.9091,nan,nan,6.4213,nan,nan,2.4408,nan,nan,nan,nan,nan,nan,nan,nan,9.8045,nan,nan,4.3159,nan,nan,6.1758,nan,nan,nan,nan,nan,28.3621,nan,nan,12.4039,nan,nan,nan,nan,nan,nan,nan,nan
1769622085.76231,nan,nan,nan,nan,nan,nan,nan,nan,nan,nan,nan,nan,nan,nan,nan,nan,nan,10.0891,nan,nan,5.6874,nan,nan,6.2869,nan,nan,nan,nan,nan,nan,nan,nan,7.9908,nan,nan,2.6818,nan,nan,3.9355,nan,nan,nan,nan,nan,nan,nan,nan,8.5765,nan,nan,6.376,nan,nan,2.4381,nan,nan,nan,nan,nan,nan,nan,nan,9.3324,nan,nan,4.414,nan,nan,6.3022,nan,nan,nan,nan,nan,28.3645,nan,nan,12.1514,nan,nan,nan,nan,nan,nan,nan,nan
1769622085.850157,nan,nan,nan,nan,nan,nan,nan,nan,nan,nan,nan,nan,nan,nan,nan,nan,nan,9.8599,nan,nan,5.4902,nan,nan,6.236,nan,nan,nan,nan,nan,nan,nan,nan,7.6154,nan,nan,2.5439,nan,nan,3.9589,nan,nan,nan,nan,nan,nan,nan,nan,8.3034,nan,nan,6.5114,nan,nan,2.5181,nan,nan,nan,nan,nan,nan,nan,nan,8.8954,nan,nan,4.4128,nan,nan,6.5076,nan,nan,nan,nan,nan,28.423,nan,nan,11.8391,nan,nan,nan,nan,nan,nan,nan,nan
1769622085.9520903,nan,nan,nan,nan,nan,nan,nan,nan,nan,nan,nan,nan,nan,nan,nan,nan,nan,9.9027,nan,nan,5.3692,nan,nan,6.2291,nan,nan,nan,nan,nan,nan,nan,nan,7.3604,nan,nan,2.4154,nan,nan,3.9202,nan,nan,nan,nan,nan,nan,nan,nan,8.1056,nan,nan,6.6924,nan,nan,2.5675,nan,nan,nan,nan,nan,nan,nan,nan,8.5334,nan,nan,4.6996,nan,nan,6.6254,nan,nan,nan,nan,nan,28.5222,nan,nan,11.7105,nan,nan,nan,nan,nan,nan,nan,nan
1769622086.0330393,nan,nan,nan,nan,nan,nan,nan,nan,nan,nan,nan,nan,nan,nan,nan,nan,nan,10.0386,nan,nan,5.4812,nan,nan,6.3394,nan,nan,nan,nan,nan,nan,nan,nan,7.2673,nan,nan,2.4567,nan,nan,4.007,nan,nan,nan,nan,nan,nan,nan,nan,7.8661,nan,nan,6.7649,nan,nan,2.6499,nan,nan,nan,nan,nan,nan,nan,nan,8.2413,nan,nan,4.9134,nan,nan,6.7108,nan,nan,nan,nan,nan,28.8406,nan,nan,11.6095,nan,nan,nan,nan,nan,nan,nan,nan
